0_pre-RR,0_post-RR,0_pPeak,0_tPeak,0_rPeak,0_sPeak,0_qPeak,0_qrs_interval,0_pq_interval,0_qt_interval
672,73.4054054054054,50.16699650516423,1.0,1.0,1.0,0.0,0.0453479280688037,4.53479280688037,95.46520719311962
