0_pre-RR,0_post-RR,0_pPeak,0_tPeak,0_rPeak,0_sPeak,0_qPeak,0_qrs_interval,0_pq_interval,0_qt_interval
336,206.6,471.19525387330384,1.0,1.0,1.0,0.0,0.1743549648162626,17.43549648162626,82.56450351837374
