BPM,Mean RR,HRV,P-Peak,T-Peak,R-Peak,S-Peak,Q-Peak,QRS Interval,QT Interval
336,206.6,471.19525387330384,1.0,1.0,1.0,0.0,0.1743549648162626,17.43549648162626,82.56450351837374
